rf,xgb,gb,svc,MetaLearner,Target
0.7805030409841731,0.8860113024711609,0.9282988300445799,0.8348053440137049,0.8586218144885914,1
0.8052198288828724,0.8991923928260803,0.9445946171217169,0.8418903883446376,0.8703718233921351,0
0.9276108685986956,0.9542960524559021,0.9466640321052917,0.5798751692542164,0.8977506557066319,1
0.8752519575033354,0.9243543148040771,0.9349026541080013,0.533365419044568,0.8768021146319563,1
0.8177269119769118,0.8962913751602173,0.8349807352970259,0.854316280062922,0.8629277796221237,1
0.025426896681969385,0.011919637210667133,0.015348027415295217,0.10586581648749147,0.07446060960783615,0
0.740774505498617,0.8607865571975708,0.8800113345946127,0.4512551410193499,0.8079682558919399,0
0.8394066822818255,0.9131219983100891,0.9254973623773793,0.8110905913482916,0.878674965541254,1
0.8824336215849555,0.9448211789131165,0.9520049850386111,0.9006229260192403,0.9004417473406341,1
0.9698744343891402,0.9828667044639587,0.9852648364847651,0.6205653571455455,0.9149598584167427,1
0.6872820605320604,0.9631136059761047,0.983911595876549,0.2262890533205508,0.8053467698155732,1
0.05712943715026114,0.013766317628324032,0.012405830882668792,0.13133516925306052,0.08126544480263621,0
0.9504550264550264,0.9834609031677246,0.9845081412260036,0.9282134428661998,0.9223184971347743,1
0.1840980934213561,0.15526911616325378,0.21528439892351955,0.7326680058114835,0.19326020030221375,0
0.5769317961140321,0.7185684442520142,0.762398676860276,0.5740608044437993,0.6838182066744657,1
0.48576337035122585,0.4714694619178772,0.49933683540121154,0.3385121573830146,0.46234740379383876,1
0.048486039630601156,0.1046605333685875,0.10536157701248264,0.22885054144115324,0.10027325964338166,0
0.7959964630267612,0.8442215919494629,0.8638940506951119,0.602168664644377,0.8343952600038227,1
0.7579478021978026,0.8875576257705688,0.965760236458782,0.8519942568722974,0.8568500234331643,1
0.9524445537231969,0.9765561819076538,0.9885458956582781,0.6788420888808142,0.9131736554674073,1
0.9519649025594017,0.9805806875228882,0.9829853160813053,0.8859269402235223,0.9207420487886357,1
0.3911971449673341,0.467754065990448,0.549164159559898,0.36027453900129935,0.4141413315553443,1
0.8875841269841269,0.8829291462898254,0.9104979116207998,0.8209422752015803,0.8865677553394844,1
0.9128495068220462,0.8518832921981812,0.7705061599513042,0.5131442542879745,0.858697465771313,1
0.8599563691678884,0.931806743144989,0.910342578668131,0.5428900125215363,0.8715829683402655,1
0.20132777060446277,0.11812284588813782,0.11919265136364288,0.2267073894711707,0.14603403105426696,0
0.10712955746806678,0.01579211838543415,0.0412108159259452,0.3112641677101162,0.10165721527054378,0
0.8806122498867082,0.9342318773269653,0.9121345591963005,0.4353644208174262,0.8723260991735784,1
0.9361241021841816,0.9800312519073486,0.979990439447307,0.8039280408194475,0.9143537792026164,1
0.5894763615732175,0.6852624416351318,0.47760761072676694,0.645281176924936,0.6309171142164147,0
0.2533386730063003,0.3756357729434967,0.14654272054312537,0.40780622003709777,0.23658707608974944,0
0.08719575535121385,0.144160658121109,0.13481871491433645,0.6637626280746771,0.14151471899655904,0
0.5359321511079131,0.7868189215660095,0.7399533550582758,0.7494230954584199,0.6944359159162146,1
0.9605185185185185,0.9848692417144775,0.9863915062471991,0.8801340712638703,0.9227863684735131,1
0.4022036587235075,0.6053497791290283,0.4357278714369767,0.3387920308831686,0.43879212043185933,1
0.8182112052157032,0.801144540309906,0.8972287838125028,0.8828615785546431,0.8560927836708734,1
0.20741956870055564,0.06399007886648178,0.09491266302324625,0.6792121573528507,0.16441382410342775,0
0.31331537364369294,0.28304722905158997,0.28388112088449297,0.3735069123581484,0.2626892783627349,0
0.1371012085682793,0.057810429483652115,0.05472515222824431,0.6739327489628217,0.1351305903476376,0
0.2543034432262583,0.1040661633014679,0.07460394609882649,0.42817406840694466,0.1694460803139631,1
0.36189020751098344,0.3397490680217743,0.2823639079496361,0.788024540115483,0.34759159234600073,0
0.49878550004476635,0.745247483253479,0.8959288817367178,0.20288185913909218,0.6328512523415325,1
0.9655918710918712,0.9848569631576538,0.9775923264074421,0.43960031854275333,0.9065871325475184,1
0.4799944222817758,0.44403019547462463,0.39121514583956635,0.37915609939950734,0.4302147218557461,0
0.9790984848484849,0.9943905472755432,0.9904205035576625,0.8444188814957099,0.9261105917128468,1
0.4226859187582898,0.31878936290740967,0.4734488225503628,0.47831663396529067,0.38308099860610323,0
0.4290050301528735,0.5078818798065186,0.542770040274996,0.7491567631010233,0.4970793582993558,1
0.16864886778815413,0.05575331300497055,0.1276677024466221,0.21549700085766685,0.12642496452834032,1
0.9154978272869086,0.9277769923210144,0.9442302067037273,0.9048412941608356,0.9055472793432048,1
0.5090156325156326,0.6819036602973938,0.6861074540945686,0.726110053389495,0.6340406909283914,1
0.05154005533278164,0.1276157647371292,0.2261187988084897,0.27726923579117585,0.11684537130333461,0
0.9081611598785073,0.8906224370002747,0.9204387554600465,0.5860383362913717,0.8823996668409629,1
0.9124105339105342,0.9803362488746643,0.9755117812236069,0.6773828920487949,0.9038896617295036,1
0.6847409867211944,0.7563751935958862,0.7797619845755008,0.2359733965311864,0.7221774206244954,1
0.37498510405845586,0.6019948720932007,0.6336862111336248,0.7859766558692808,0.5185310812346308,0
0.5174344908405685,0.48720645904541016,0.5232265233590303,0.7595192315918693,0.5444899066951994,1
0.7089791603556809,0.7738141417503357,0.6910887483282653,0.8281140641971942,0.7770580493464371,1
0.9825565302144249,0.9905605912208557,0.9906440833643688,0.860012587782856,0.9269018817349609,1
0.47067233865901204,0.683532178401947,0.8698828507460148,0.228274499680084,0.593116805098136,0
0.8645833389908018,0.9805522561073303,0.9858331154873904,0.9270543943570294,0.9043980023876171,1
0.2319310884047725,0.22940167784690857,0.07800124998322955,0.6782459758991515,0.20504693897388065,0
0.013871824754519126,0.02698480896651745,0.02490248329802793,0.13082898353436384,0.07521351607995422,0
0.9481511883590147,0.9745640754699707,0.9447953034906764,0.9059178969715437,0.9175541619717749,1
0.3361271907896333,0.18533429503440857,0.13238124502279044,0.12329396664052919,0.20386934072121285,0
0.8558401659234673,0.8532894849777222,0.9202523024353824,0.7180326531484242,0.8690364733791459,1
0.7656911332175448,0.7750222682952881,0.7812828253068044,0.7504571900532421,0.8087768770154449,0
0.7487843915343914,0.7312056422233582,0.6880200950439734,0.7974386541749443,0.782013142936692,1
0.03867081329111238,0.017351696267724037,0.020881561825857722,0.19344612497266508,0.08085186003655771,0
0.6590305977496457,0.6901965141296387,0.6802834867669897,0.8331713961096214,0.7307692727223676,1
0.9314578748101046,0.9018372893333435,0.9059620373905263,0.6771320179927084,0.8930447268921344,1
0.23988149810189824,0.25607267022132874,0.2924613152600819,0.3374412819298847,0.21933794056410721,0
0.8094030677927736,0.9221851229667664,0.9263964504849316,0.24840635903219233,0.8378229669433309,1
0.7540014989686707,0.8457809090614319,0.8542949463993385,0.5496350923377158,0.8139011314662967,0
0.8198262743821001,0.8968273401260376,0.8961587347354235,0.7780531037750334,0.865810714387102,1
0.5019727112259722,0.6305286288261414,0.5483512996347678,0.266740327886411,0.5287049430592721,1
0.37869557013175814,0.31394442915916443,0.39957804007792935,0.25728986433849715,0.31612857351780105,0
0.36829613380848164,0.21399274468421936,0.14232895784891772,0.5989227065501072,0.26885811853358665,0
0.1098299121666791,0.0618855357170105,0.06606361457891316,0.4689598288716971,0.11805180634472301,0
0.17286562416218268,0.06254322081804276,0.06291134237548028,0.12654809751647783,0.11769052372372549,0
0.015851240991226576,0.012881039641797543,0.015607094628299501,0.3127676827471635,0.07992881617299362,0
0.5846507936507935,0.8084999918937683,0.7840139531118626,0.7959372512619343,0.7387617117575253,0
0.16143334932643413,0.030112361535429955,0.03595272137483459,0.24700810018606079,0.11365290692009028,0
0.19379305024021828,0.08714428544044495,0.05757174840539298,0.7161036272394653,0.16164570011451265,0
0.4380221934927899,0.4985811412334442,0.5421192280181278,0.5051726065773732,0.47016799954097976,0
0.06935252566253237,0.04366123676300049,0.04162459875264278,0.09684230491656347,0.08758703799866009,0
0.6233795663400927,0.5618254542350769,0.5176001805800586,0.1877503665056945,0.567831489138684,0
0.5054329916723844,0.4529764652252197,0.3409153426948175,0.19619124893574288,0.4166008136352004,0
0.5480700404350288,0.5249096155166626,0.3070255797506744,0.48281382107171805,0.4948546453433358,1
0.5400749866963614,0.3882336914539337,0.4750536068218461,0.44598088111515494,0.4772246911091586,0
0.6217421367117106,0.7721856832504272,0.7217439690609418,0.691797716460177,0.727231919400016,0
0.03655760818620068,0.00933998916298151,0.012327098767354591,0.33450867393346706,0.0842064760469712,0
0.941953545243382,0.971461832523346,0.9842286102466399,0.8486387011290955,0.9166103128822796,1
0.9526115963583006,0.9652530550956726,0.9444390268209597,0.8105757331849137,0.9138961495003263,1
0.6505219784156855,0.5590617656707764,0.5689232287519422,0.6280970279548228,0.6456154427929791,0
0.1963594929373336,0.07855603098869324,0.08367707975951787,0.2865783983971088,0.13760036697709013,0
0.054670358013180875,0.09345771372318268,0.09837702349934437,0.6684966624918891,0.12063082552595392,0
0.8618994708994709,0.9493466019630432,0.9326527114187314,0.782362458609249,0.8889330049802076,1
0.5754089201204722,0.671173632144928,0.6935179114729615,0.731275818027343,0.6720539111227384,1
0.09840671312695327,0.05450080707669258,0.058167326051048976,0.40135056793260915,0.11001094377057277,0
0.974615472681711,0.9860337376594543,0.9701471516842811,0.8545531939144486,0.9235833641006876,1
0.7030553610333021,0.6126745939254761,0.7137922688150097,0.31593828344187774,0.6875663560163418,1
0.779031746031746,0.8467822670936584,0.866538280107612,0.7349893458616317,0.8379492516129988,1
0.8711653389831525,0.855613112449646,0.88808798479007,0.6420518468202221,0.8664177539643848,1
0.7490950299700299,0.954216718673706,0.9731237983408197,0.9583120081394186,0.8714833460972701,0
0.7387774316326945,0.7753140926361084,0.9059141948215216,0.797023522391828,0.8187045973348062,0
0.8447721636084715,0.9284200072288513,0.9590584871703566,0.8387832524632978,0.8867827078489028,1
0.9403981573981572,0.9476819634437561,0.9431945268787845,0.8087218464715231,0.9092614095771607,1
0.4182421179930541,0.6285951733589172,0.5636617960833605,0.7540382587728335,0.5359201156252869,1
0.5019124781837639,0.43595853447914124,0.14885382997897312,0.9153292925451794,0.451608506252886,1
0.7970485344934369,0.8941668272018433,0.8957477015002605,0.846090598263154,0.862240935565326,1
0.6557259501344568,0.7885133028030396,0.8436495359044759,0.5614338635290668,0.757372984371241,0
0.8850612571117208,0.9608052372932434,0.9788168248235631,0.613840858735187,0.8924315686900399,1
0.8767925173835264,0.9831989407539368,0.9760230395309085,0.6660930531251795,0.895404650122232,1
0.8677000222000222,0.8846933841705322,0.932260685124695,0.7988823925676326,0.8824330636070931,1
0.9450089416507469,0.9412333965301514,0.9074230424253322,0.6818569322048209,0.9015154905583384,1
0.554851068715445,0.4111298620700836,0.4985171139691587,0.41295959690709627,0.49585005070458493,1
0.933820122031737,0.9078901410102844,0.91882938242772,0.5982606465089251,0.8918674950169256,1
0.6324170459407032,0.5241288542747498,0.6450820229054507,0.841529946147366,0.6632702294821761,1
0.9688615478385325,0.9833785891532898,0.9766060524818275,0.7021824130007371,0.9172465720749226,1
0.9090025056976397,0.959443986415863,0.9341448622083367,0.8719138776155438,0.9055980581102859,1
0.24792206130532393,0.12231513857841492,0.16002929705887678,0.4167903966614735,0.1809560308900673,0
0.8578214299628856,0.9651950001716614,0.893681066758469,0.7579545076232644,0.8852890697457703,1
0.6449882282552427,0.8914179801940918,0.8898186032193051,0.25959526817962547,0.7584723105449571,0
0.13694235221008205,0.059743016958236694,0.03944450969289715,0.26984019956161986,0.11267170190623259,0
0.9606487913589069,0.957251250743866,0.9630700176973795,0.6315601832652248,0.9090825883704039,1
0.8107833553615311,0.7660988569259644,0.792318880438696,0.41993837121814204,0.8017905603542218,1
0.9735202020202021,0.973438024520874,0.9693940038467102,0.8227067468740618,0.9210099121296615,1
0.8589055019418542,0.7935670018196106,0.726812755319679,0.49120027637199887,0.8227702514214738,1
0.1864816999816417,0.2431105077266693,0.23986085548984898,0.31539189497918324,0.18475170202630314,1
0.3166467464031944,0.29182368516921997,0.28843778041675566,0.4436877146136772,0.2741991101831523,1
0.2389151075635785,0.29292234778404236,0.23851844023197913,0.6928049635885182,0.24990658317684225,0
0.23780747590755805,0.4094110429286957,0.34656632445306845,0.36069062001256075,0.26728884426445104,1
0.06457005565715357,0.05326055362820625,0.04772836272222103,0.25295365829407496,0.09433087453948383,0
0.751541625041625,0.9362460970878601,0.7864509218563283,0.8774499807015599,0.8440004733855148,1
0.659025061942606,0.7697421312332153,0.7068054255792059,0.6079876104558647,0.7350583794922588,0
0.6436949069449069,0.6366176009178162,0.617952993727559,0.751892819182327,0.6879798315119251,1
0.8613507379560011,0.9883794784545898,0.9876476244400707,0.41537776706296964,0.8811050938356356,1
0.8111746898678825,0.831404983997345,0.6621740353035078,0.6055519123043887,0.8113184328735702,1
0.9165594105405427,0.9157463312149048,0.8883782061583996,0.8033840532462203,0.8954205585721752,1
0.9900725970087543,0.9841629266738892,0.9812266747458115,0.8481765846873032,0.9266805824799772,1
0.13452029567336188,0.05785822123289108,0.16290948257885235,0.31055693944016255,0.12551874516876135,0
0.09666553964353769,0.04130926728248596,0.01993648314647098,0.2349138004944009,0.09725247887411428,0
0.11121229570449619,0.08013256639242172,0.05392783870948109,0.38634468171566505,0.11569386401270693,0
0.6659161335683007,0.8701127171516418,0.8935475349044988,0.26805988235769357,0.7645345787197344,1
0.8185080956684025,0.8886628746986389,0.9361440628364219,0.8439906476410107,0.8719272255161775,1
0.6105007127003423,0.6830516457557678,0.6216732018171307,0.4924854451538755,0.6557255994873845,1
0.18535884482979054,0.10922105610370636,0.12144247772841604,0.4848570850706284,0.1554376901903852,0
0.9511507936507936,0.9657745957374573,0.9423846146613581,0.8380632254880584,0.9145509725963344,1
0.09965976096946383,0.026629336178302765,0.04522725476755231,0.35994792464492875,0.10371380126137755,0
0.2574949550879784,0.13022693991661072,0.14783493777519094,0.30379906168051457,0.17652857455834522,0
0.7182071481374431,0.9774677753448486,0.9687034665536132,0.3828168657693451,0.8294988479198294,1
0.940811031606101,0.9358662366867065,0.9385361500348794,0.7949258932094785,0.9071170709755474,0
0.07773581433305932,0.054695017635822296,0.04182283530912926,0.22446676972733623,0.09580355968985423,0
0.28284268732644136,0.3055642247200012,0.305006340469859,0.4784869520494528,0.2667380619776193,0
0.38956314962797495,0.2504726052284241,0.24878752772355622,0.3941824149097073,0.28930356019799897,0
0.6324656084656086,0.8177010416984558,0.7840869338621931,0.6003198523921945,0.7468541679130013,1
0.9073031991764811,0.9575740098953247,0.9729330836395538,0.8596069261990015,0.9074771593240027,1
0.15327482916698604,0.033681027591228485,0.027925150780339848,0.23019446464888701,0.1104807736849059,0
0.8429974958366422,0.9002962708473206,0.9553618183332651,0.40612178109270436,0.8584988363658731,1
0.9307970304549252,0.9758123755455017,0.9549576561618837,0.8430389522237204,0.9125142371298336,1
0.61003013661605,0.6669871211051941,0.7053938835529775,0.31933985631245215,0.6486969354539391,0
0.5880880352464505,0.5381293296813965,0.5518015110303363,0.8979898693163403,0.628109444010575,1
0.08853282223691666,0.01741424761712551,0.011208826298281222,0.1400701564444069,0.08823881788735358,1
0.11594515985368604,0.07090423256158829,0.07675146459874163,0.5555474912798527,0.12660525991579932,1
0.8912126623376622,0.7343018651008606,0.8005534841517313,0.8120535066701854,0.8534450993620106,1
0.06414256045156347,0.047966159880161285,0.04935554346249917,0.22762998758805456,0.09271724564759158,0
0.8520700835092859,0.9247905015945435,0.9472730317004092,0.8368580939473363,0.8870387821630625,1
0.4200729128291759,0.5895423293113708,0.7317245418078708,0.7787569491043996,0.5646768405070455,0
0.9269444043610713,0.9396825432777405,0.974533632179299,0.8564258521636641,0.9097235882728807,1
0.4743569528392851,0.20393554866313934,0.14625076997480055,0.8489329289300468,0.35143832286046545,1
0.27686707535877186,0.2275751829147339,0.12854084977009395,0.825808166826463,0.245432974738336,0
0.26337263408343387,0.2993716299533844,0.2063904310795594,0.6916567722434029,0.25802159807082803,0
0.11866101849488764,0.1406966745853424,0.1297495290047753,0.7100534995147109,0.15348348414432111,0
0.5327989603359917,0.5124481320381165,0.6756889931489604,0.27846587931002076,0.5392515498535441,0
0.8303064622746225,0.9266850352287292,0.9202745926868883,0.780230929969056,0.8759675342488312,1
0.05620289525289523,0.01804410293698311,0.016216357069754283,0.184115989485307,0.08371416439379335,0
0.5197909860339528,0.2288990467786789,0.22250730426288878,0.9015901439258738,0.40946710390565183,1
0.38104706151273926,0.39998355507850647,0.31493935025856873,0.37352354567369833,0.33850050541977317,0
0.4075969064003804,0.28048136830329895,0.21056424371991217,0.4244482698545332,0.30337380438603995,1
0.15865613799283154,0.03858443349599838,0.035957067891877685,0.2801934580869915,0.11570753115413246,0
0.8667678199509468,0.8806436657905579,0.8873524515081241,0.8471671675794022,0.8798026664496644,1
0.7853897707231041,0.9061344861984253,0.7772376541638978,0.8184084245386726,0.8454188239596953,1
0.1561349628010846,0.18658196926116943,0.18661306367586117,0.31487160583984414,0.15602726987521082,0
0.01785271333032203,0.025575930252671242,0.019522302467206758,0.17400734480796115,0.07693803479699735,0
0.38822604383883336,0.4909549355506897,0.45389727861372725,0.4563313198740261,0.4102219821754103,1
0.6530740095988102,0.7256055474281311,0.7209442904534954,0.8739272501960986,0.7478472480336761,1
0.7314807178552388,0.5237551927566528,0.5269740125917077,0.7192180338832053,0.6834396582739615,0
0.5521357341649962,0.7335367798805237,0.6936161152452477,0.5577679717494243,0.6585278314667958,0
0.15775420298434284,0.0459650494158268,0.06978452516838368,0.5452929746611003,0.1338758189405174,0
0.37733197698020393,0.27949613332748413,0.27945447584699656,0.3079282841640591,0.2878891821736,0
0.04399552156160231,0.032830484211444855,0.03226209868329601,0.12309474745316575,0.08166739212190047,0
0.9619966729328299,0.9833142757415771,0.9664912260202686,0.8608052571347201,0.9209422169386235,1
0.6393693178254135,0.520939826965332,0.5860069035726243,0.6049841084291371,0.6280138114783297,1
0.9449867731367732,0.9197421073913574,0.9120817429656696,0.8363559446123296,0.9058740262125898,1
0.5168552027122687,0.5807982087135315,0.5545990820303134,0.619422193730555,0.5654604269249737,0
0.24499631006248648,0.14842355251312256,0.13424234972277688,0.6236018926707765,0.19694120501548923,0
0.9579491411701557,0.9738497138023376,0.9664155600880712,0.8320410435585782,0.9181841139169594,1
0.06374451519840442,0.0306708887219429,0.03963735384099828,0.43685661992271146,0.09862126051031199,0
0.8219073548284076,0.8179847002029419,0.8988820212141935,0.5578589659664843,0.8401780640874412,1
0.04383107413777109,0.017387107014656067,0.019040052433949427,0.47592281471979553,0.09261254566046669,0
0.893563492063492,0.969851553440094,0.9604658806601475,0.8686221083674326,0.9052520377360302,1
0.5104615108976563,0.6539725661277771,0.6101345666146676,0.37385102216544297,0.5686643463818494,1
0.8952184225049216,0.9390383362770081,0.9607637709502881,0.7074819643746671,0.8949241111425041,1
0.7161002921430158,0.754806399345398,0.8838564895412716,0.8029445157254085,0.8027838144172214,1
0.8216472540545344,0.8166437745094299,0.7130180125046811,0.8127046809640693,0.8337439317548697,1
0.93058532378377,0.975709080696106,0.9763386480372572,0.7828247853480781,0.9116707208881645,1
0.2997333045064607,0.18672215938568115,0.2503727849779559,0.6384049420717448,0.249920469572157,0
0.13043133646788765,0.08608000725507736,0.07057899761347496,0.39845001063557517,0.12402977201832723,0
0.3704681306290578,0.16885574162006378,0.14716036857344042,0.591807350782126,0.258349302127121,0
0.8999882069200862,0.877246081829071,0.8962079219011658,0.8335804800746484,0.8883549315357427,1
0.7655010115157174,0.8777639865875244,0.9102970880117964,0.3911636595133679,0.8209014955674222,1
0.8637682373161116,0.907555878162384,0.873856152556542,0.7654021720039611,0.8773025073089509,1
0.8655013086309481,0.7806771397590637,0.8320576184786347,0.7870137591048368,0.8549047036357023,1
0.7493304386276387,0.7283797264099121,0.8278971323182892,0.8187962677271605,0.8040716262834425,1
0.19982216710810594,0.27225425839424133,0.24142561081655184,0.7548014113138078,0.23215296214693465,0
0.12841795491118088,0.05525881424546242,0.05139244863231877,0.4140297982649845,0.11801768620739615,0
0.8319826659630969,0.8539214134216309,0.8653428674424819,0.7257866715956204,0.8563365327682464,1
0.5907442096358766,0.518805980682373,0.5420589873546013,0.658939635853108,0.5939747525052627,1
0.970090539581419,0.9757810235023499,0.9643624460397013,0.6464792756403402,0.9137598902616029,1
0.7298711713102944,0.8814712762832642,0.9005802774245697,0.6797417984228407,0.8271494014005454,1
0.7560128114791909,0.8595173954963684,0.9105244539602385,0.6235277316438309,0.8300455695720912,1
0.9779011544011543,0.9696792364120483,0.9655695755084475,0.849165707970655,0.9221463754770565,1
0.006304709930153391,0.01809479296207428,0.024039159073963097,0.1703471466769317,0.07429158951371868,0
0.9632142857142856,0.9791640639305115,0.9698357274770077,0.9060764223392037,0.922568401712962,1
0.6561107179710043,0.785088062286377,0.8452168467704173,0.7312392141470463,0.771782814035969,1
0.36610715612889533,0.146941140294075,0.060488349493318695,0.1894965427355674,0.20282569587727098,0
0.7145660537719362,0.7249306440353394,0.5421378712579368,0.4892381348776329,0.7106393666728938,0
0.35702172666292165,0.6381828784942627,0.5917544512900805,0.5059741500877281,0.4756259139567239,1
0.6373055944626254,0.7485798001289368,0.6997225597150037,0.6820328863714576,0.7240809093359095,0
0.8912616352328523,0.9255093932151794,0.9351956601150947,0.859791198351034,0.8969876271184556,0
0.8185957560957562,0.9409500360488892,0.9573718641270831,0.546653938220915,0.8657442905960029,1
0.9243429617120947,0.9539049863815308,0.9562529725544369,0.7148267100678054,0.9035652674987386,1
0.1450691683563097,0.07030002027750015,0.1277665054383918,0.5182024740721353,0.13846177405618243,0
0.9102497389210557,0.979560911655426,0.9868099769437996,0.5,0.8964900927800437,1
0.7349136387352749,0.8897096514701843,0.9024636591835388,0.859877623910632,0.8427404579060686,1
0.9346493735334623,0.9085359573364258,0.9125561783355767,0.6361073555492299,0.8933714878996741,1
0.853594576719577,0.9582321047782898,0.9715310135737152,0.6458020480593415,0.8848517893845336,1
0.5065789459977078,0.33635810017585754,0.5253118137165848,0.6836143586997548,0.4780841564853464,0
0.8575535383372573,0.9243346452713013,0.9227868432593178,0.7175622285104851,0.8802274986546799,1
0.3809178103760168,0.4889928102493286,0.34674363276888304,0.41510358679171744,0.3771530498155314,0
0.44132323232323234,0.5824258327484131,0.4667933890696496,0.5912578194348348,0.49387780693174255,1
0.10056301561773472,0.10781349241733551,0.12944129336698956,0.32329763570883524,0.12061544375548876,0
0.10279313201873728,0.0692841112613678,0.07603105426374347,0.5097530400838332,0.1201906766808103,0
0.20892614254324668,0.06879440695047379,0.06180165955415977,0.47217358796349157,0.14860216634979,0
0.7909114659849953,0.8822141289710999,0.8860097919809831,0.3754372238194625,0.8270877253003489,1
0.35172540081672155,0.23501625657081604,0.24241207985140675,0.25746792063241564,0.2515749840559089,1
0.9632998500037974,0.9776597619056702,0.9745502690983694,0.8682109318382751,0.9214263611509863,1
0.4852754746830332,0.3425137996673584,0.3436970186576336,0.34451072408094946,0.38614208394312216,0
0.9487589989466418,0.9642114639282227,0.952524062480196,0.9093051159214359,0.9172729582780917,1
0.025447226052925157,0.017374442890286446,0.020255547026429038,0.16128489685629163,0.0771705092369747,0
0.2967765727471942,0.16720224916934967,0.1671645721093725,0.38387065871774645,0.2088965475427763,0
0.03697490408756267,0.019824063405394554,0.02446467474461512,0.23784568071678944,0.08262728553363075,0
0.43724530014748875,0.22413122653961182,0.20490574777887574,0.29852981405106643,0.2898922779880478,0
0.8604909006026654,0.9633763432502747,0.9590326203654237,0.5878191437786229,0.8833669911025349,1
0.9176859193438139,0.9569157958030701,0.9526854269943988,0.8702902696080813,0.9085668920971014,1
0.9931347356498402,0.9880752563476562,0.9844135764613731,0.8454471444709579,0.9276804483642326,1
0.745312065328319,0.7598697543144226,0.7728280860961557,0.8286585740964441,0.8019919288868403,1
0.6935423280423282,0.4719858467578888,0.3451655541785131,0.8053676649398105,0.6173492739893488,1
0.05663656969030948,0.039767902344465256,0.04671964681142006,0.36232802131271397,0.09546746982408573,0
0.5143346207169738,0.6051569581031799,0.5307260562451442,0.4614674065810765,0.5477135971965107,0
0.08927954820775975,0.03998612239956856,0.031267062383624936,0.21339380058525614,0.09540570242944443,0
0.7665983731181101,0.8030202388763428,0.8333865610585242,0.5865020837811593,0.8099711869749605,1
0.5029268756394042,0.5931795239448547,0.8739765062411861,0.7424866218969819,0.6438747958919215,1
0.9293169654419654,0.9226476550102234,0.9349790681218704,0.8330442218128564,0.9043415624165305,1
0.8080648041571954,0.8977425694465637,0.9064230762661616,0.26644660685720944,0.8315165972222207,1
0.7452368162731967,0.6472563743591309,0.6164288030006391,0.6573432490297139,0.735479819895422,1
0.28798063997157297,0.1388975828886032,0.2110299101176467,0.5641332216761743,0.22001152008677272,0
0.9129166666666667,0.9772182106971741,0.9849232605250737,0.7976819665874348,0.9093008242296382,0
0.9104775609616096,0.9566648006439209,0.9507505238113783,0.5188148037251545,0.8913982417072147,1
0.8211805944600064,0.9183186888694763,0.9019709757201201,0.8686066919772337,0.8750085625975837,1
0.9101407491808348,0.9479835629463196,0.899701092031213,0.9080039383280978,0.903340790146569,1
0.8360799157825265,0.877356767654419,0.9412689049349903,0.7505889173487671,0.8708059670054369,1
0.6841616088170108,0.47440019249916077,0.5332182595908834,0.6598497043575466,0.6356926001443943,1
0.917077380952381,0.9704204201698303,0.9365608254211031,0.8019270202775014,0.9059483927830645,1
0.42990785974514645,0.4821302890777588,0.3682340354772472,0.4281428246919368,0.4115944540130899,0
0.07877793343144862,0.0284280963242054,0.03891298638756359,0.3453855206442097,0.09784311022476594,0
0.12107726502431684,0.05799151584506035,0.15383695741676487,0.4867321153334411,0.13023191903837897,0
0.08014117507168667,0.040040768682956696,0.07816123830932599,0.21975418453521914,0.09729906009685751,0
0.07404341649877633,0.027456769719719887,0.03682818121776726,0.5515737260633915,0.10554531617749043,0
0.09569471378774592,0.03970002010464668,0.04433403226858436,0.5382422074740536,0.11266424401644727,0
0.13403673538951427,0.10734526067972183,0.08686424521777822,0.4676732504039452,0.13371182284317332,0
0.026395326474090104,0.01878640428185463,0.023120607366693934,0.1551341087334374,0.07745471000673211,0
0.10365075416749457,0.05258747562766075,0.07296289839224536,0.4735323660179613,0.11596826398712842,0
0.524646103896104,0.5181227922439575,0.42534493296072706,0.7603525350488368,0.5376019017259481,1
0.05842003253871673,0.07798454910516739,0.08610241308153377,0.3583291172216653,0.1035047946251585,0
0.3688280998495275,0.45352834463119507,0.36287856993052225,0.6630601284306185,0.390271239792657,1
0.4981097632332321,0.3724856674671173,0.3951409431553898,0.8450911886582169,0.47484063069022203,1
0.3304171673473398,0.2063305526971817,0.2956124857820573,0.7302484233277415,0.28756810398289423,1
0.6430703399913926,0.5939162373542786,0.6818356597523472,0.7964470089324713,0.6923191126008659,1
0.6782960245215681,0.7016262412071228,0.7218422699950099,0.773635312727259,0.7451473193159982,1
0.837983508797932,0.8440123200416565,0.8431490307985928,0.5789370567951128,0.8450492570936559,1
0.09014270243391896,0.015983253717422485,0.020191052672472332,0.4067592725165302,0.10013410449257375,0
0.36282789643646796,0.2800276279449463,0.4237856708912573,0.6911473879627831,0.34829318805569254,0
0.19472188226743345,0.07528465241193771,0.06400159551694877,0.22394634874430674,0.1309963743938848,0
0.7432077428687872,0.6995928883552551,0.6137334478963291,0.30612748906494874,0.7140519377143233,1
0.40615471618807675,0.4313916862010956,0.3318637416705848,0.3519889576290354,0.36415462493465567,0
0.49122565662465045,0.19520162045955658,0.24502193904136488,0.4116031168346984,0.3311469801062409,0
0.24697447077096693,0.07800757139921188,0.064466742863029,0.3612042567024229,0.15638920298538456,1
0.9671593128797413,0.9956789612770081,0.9936380553153785,0.714407113769977,0.9197497039065021,1
0.6478669617419617,0.6945313811302185,0.8329027333942884,0.4316522182081598,0.7147965738855094,1
0.24806417856485466,0.0991450622677803,0.14584397379601707,0.09994489893618203,0.15355125076687776,0
0.8174704793418868,0.8900078535079956,0.9087067165919058,0.5568692308111298,0.8523679206517083,1
0.9812279942279944,0.9861562252044678,0.9812704614639258,0.8263317640830449,0.9245515234384301,1
0.8202332643202209,0.8985326886177063,0.9387605354882365,0.3835761195170551,0.8475100564887292,1
0.5944030841382638,0.47076180577278137,0.4396535898691179,0.3544433046457335,0.5212800122399512,0
0.8884212858675969,0.931117832660675,0.926162578863359,0.8250324753646262,0.8946667300751422,1
0.7818586570836569,0.8226719498634338,0.8375845395215874,0.8568686291043452,0.8390036139398462,1
0.7374834666444764,0.7904969453811646,0.8001574038693404,0.7731571608782347,0.8049334043075995,1
0.47425558002751,0.6963815093040466,0.6979970871340168,0.2854087251675302,0.5684883737672355,0
0.44167959802109136,0.4715542197227478,0.5789677940781409,0.3217888651366218,0.44971982129383664,0
0.7897397538900753,0.819033145904541,0.6524284371244573,0.5,0.7901963401279687,1
0.23740131784923846,0.2717879116535187,0.33242285689816026,0.6482573089118706,0.2557593275747553,1
0.8521686439405454,0.9077849984169006,0.9210603833873992,0.5419971986704594,0.8666506432641357,1
0.38393025384752444,0.1781224012374878,0.15286420661393132,0.5192754719072046,0.26173462911026557,0
0.054671860819893926,0.029185188934206963,0.0254475326516629,0.28212958256160897,0.08898516629492408,0
0.9918506595719047,0.9909754395484924,0.9883620515855746,0.5828135788625031,0.9189738209437345,1
0.17227460932693486,0.03278188407421112,0.027158133917395626,0.13883831440796568,0.11081369553991932,0
0.9406590464142646,0.9641097187995911,0.9558221766251472,0.8226856320571309,0.9125855050602901,1
0.22667768870544142,0.16139279305934906,0.22776559256288814,0.47516674835353245,0.1941683975361105,0
0.882240806577242,0.9354312419891357,0.9080546671587276,0.4810345414374307,0.8750074767051437,1
0.8307820436260237,0.963860034942627,0.9715882202941492,0.6967334314874724,0.8820524057526787,1
0.2726862781468044,0.27244603633880615,0.42304956725170656,0.13701897134096197,0.2421514729652038,0
0.21417939287657953,0.2180541604757309,0.22016530988805808,0.527413466545325,0.20406654160333296,0
0.918121693121693,0.9880321025848389,0.9856403352035618,0.4929709013233949,0.8990107783170445,1
0.967209974770591,0.947079062461853,0.9352609451706756,0.6813025818448635,0.9092778207968966,1
0.6921116021324355,0.8709987998008728,0.9005437823193478,0.36014316786009537,0.785522119586389,1
0.7936587421293302,0.9306171536445618,0.9415233516123688,0.3230304877904042,0.8405389247681265,0
0.02415107476508841,0.04504731670022011,0.037180960150526576,0.4566539451011444,0.09202370009040386,0
0.00457452807677781,0.020746776834130287,0.01561638130835493,0.12204647491890619,0.07212316554815316,0
0.05814443821226768,0.013557353056967258,0.01590637838753194,0.4585418500765879,0.0943852907575295,0
0.780491402116402,0.8121814727783203,0.8954092363448222,0.8490836813744864,0.8431282826161471,1
0.3906511405264038,0.2767485976219177,0.2897511789144366,0.48860749216871274,0.3147988526808053,0
0.14591574460411758,0.12295713275671005,0.12127356209300086,0.12573730601966016,0.12443631336244343,0
0.8584974733638581,0.8754135370254517,0.9080149295217863,0.8781956677408465,0.8803430961899112,0
0.04891156155854462,0.01480039767920971,0.016741169679544178,0.17097831419655565,0.08149637765902802,0
0.40489881353844437,0.4330276548862457,0.4952177624764353,0.13836203190118362,0.374216280275746,1
0.4179832792780142,0.11682827025651932,0.06766749260753564,0.5177530192985288,0.24816001933375575,1
0.9159834626167429,0.9345546960830688,0.9688412256328487,0.40872548338351566,0.8862247204697773,1
0.2321258326104155,0.08058428764343262,0.05478311991652975,0.2602407645615217,0.14451712997775945,0
0.8716068496432071,0.9385393261909485,0.9365090372228708,0.710852578515301,0.8869046680577772,1
0.6618713317693292,0.7120000123977661,0.6322820979711028,0.8497314135907991,0.7310334242570583,1
0.03983320459738796,0.04351089149713516,0.048256143133257774,0.5171347819673697,0.09876457833684191,0
0.6358015873015871,0.7147213816642761,0.7881488007074883,0.3507147715518171,0.6973695111768023,1
0.13851590016362336,0.16640834510326385,0.08790565820992481,0.4824792375950338,0.14563316337389876,0
0.7908258424864317,0.841846764087677,0.8491975969975115,0.8875687932930937,0.8488221590948726,1
0.06649378480927727,0.06833885610103607,0.04013220776064379,0.23818845051594834,0.09529887281624722,0
0.9505986524256939,0.967889666557312,0.9715949787897188,0.7315518166433698,0.9126750394523208,1
0.35904669942044115,0.24753159284591675,0.3324169793218259,0.3864734584642073,0.2869212567043502,1
0.6813580586080589,0.6117792129516602,0.5592666232946939,0.7316882169609213,0.6883910722014819,1
0.12298018047662938,0.16305764019489288,0.09939016490958742,0.5748264109759175,0.14689523645598732,0
0.04610641219347495,0.15607888996601105,0.07763035306790803,0.2639119311893949,0.10533373179450177,0
0.7391838610884417,0.694616436958313,0.6265223744196775,0.5553864507765442,0.7369701319664067,1
0.05343954748789025,0.023813879117369652,0.02393640000032749,0.10875677864329215,0.08151884077919797,0
0.15212736375768748,0.09451379626989365,0.1479816986705782,0.17230651377245448,0.12714688202601498,0
0.211292587536218,0.09765500575304031,0.127268081474972,0.42217174024730475,0.1590106795432821,0
0.7250391351943077,0.7342300415039062,0.8483653031854699,0.4829281452819315,0.7707007155103355,1
0.8936360499403978,0.8501100540161133,0.9195859096588116,0.8627080062705597,0.886575738614819,1
0.9185417781073666,0.9344015121459961,0.9286213226532712,0.5559493466884103,0.8903332604173315,1
0.4352075244200243,0.5034191012382507,0.6368816003765012,0.38333948977707455,0.47661717774939044,1
0.9372162223741172,0.9854655265808105,0.975260560243893,0.7833869292017324,0.9140344778308568,0
0.7638917078138241,0.7921591401100159,0.776976359192132,0.3801268349313704,0.7819632746818928,1
0.9766247883614333,0.9818781018257141,0.9781765112284745,0.874842272497331,0.9247565384599541,1
0.9180594375431332,0.9299659132957458,0.9532386753591435,0.8043502302108999,0.9028702447041932,1
0.8421939247996395,0.9550197720527649,0.9455686089831785,0.5054875971802747,0.8714329323836867,1
0.9416031746031746,0.9721697568893433,0.9756798071730982,0.9019831030605594,0.9179870418898766,0
0.10251586875314113,0.09744425863027573,0.05009900443627942,0.252045429871402,0.10892531840890564,0
0.7128574300390803,0.8369139432907104,0.7865577042603052,0.8761195036722146,0.8104953868578489,1
0.06718070157465292,0.03268037736415863,0.06010323537121625,0.49400008935364254,0.10388558716032086,0
0.6458963913050603,0.9248237013816833,0.8266490118720138,0.2788264988011429,0.7583782351984653,1
0.4362209656956034,0.19229362905025482,0.18652409054367206,0.5234161461940718,0.29962252480340185,0
0.496684320037261,0.6157510280609131,0.5809209982047323,0.48796437261732334,0.5542625733094214,0
0.6311633170922606,0.7390749454498291,0.8770019303084777,0.6258196915878926,0.7444307364740722,0
0.009405596891773366,0.010543731041252613,0.008733339405657618,0.1206383633144679,0.07158705594560791,0
0.13638355237553065,0.1497034728527069,0.16857185903141403,0.4637656710218323,0.15015318730818855,1
0.4820513838013839,0.4573018550872803,0.20077117468262695,0.36092408061858616,0.3920114961711656,0
0.27915220465189333,0.1522786170244217,0.09897713316468915,0.3315772778603942,0.18472717923995458,0
0.7995092331179285,0.9367311000823975,0.9383108784166198,0.8214603416953141,0.8726153739613337,1
0.2852456279731877,0.17451439797878265,0.18952079376190029,0.3053936071636582,0.20268213299921187,0
0.04448732683125835,0.06307856738567352,0.040173663864613886,0.18316937023510055,0.08773054893191723,0
0.9407759935263704,0.9797506928443909,0.9702637380296819,0.5526004383033104,0.9045807085828539,1
0.2592417919181712,0.18060331046581268,0.20285192092661536,0.1372486836156659,0.1826301000572356,0
0.4010285396031773,0.46971991658210754,0.36638532872235485,0.15873467055739335,0.3585716268492717,1
0.29773845311682184,0.2261544018983841,0.335045055188165,0.37251336379050753,0.24910329209988802,0
0.7556174242424243,0.9360266327857971,0.9154583143120437,0.806106744170217,0.8557921511645755,1
0.11015587919675748,0.11633133888244629,0.0851012395914872,0.36482442951268673,0.12237462583246861,0
0.5473831685495321,0.3915420472621918,0.4197933398967935,0.5,0.47714707812822815,1
0.029070184386883795,0.04628168046474457,0.0671225222956903,0.1496235881576368,0.08345223440243651,0
0.4646358594122616,0.592377245426178,0.5406234171727445,0.8336603098937891,0.5582120666779921,1
0.7900729601782234,0.9687545895576477,0.9759049328924826,0.7706999891298819,0.8756841978402383,1
0.9279959529717593,0.9741809368133545,0.9629142872968907,0.8636566676878549,0.9131259409697919,1
0.03577041484731671,0.04748718813061714,0.0887094377340208,0.3454431581568529,0.09424649743954835,0
0.07961026172765537,0.07359165698289871,0.043435999868567464,0.33996022466063386,0.10367663994316194,0
0.9039860161351809,0.9446960687637329,0.9539225814937506,0.47658906845937693,0.8864001292859722,1
0.9416148287063838,0.980244517326355,0.9866070581197706,0.8048844196616597,0.9159881779466204,1
0.7515889118932597,0.4307708740234375,0.5095215498236305,0.8006269703727973,0.6727401930619951,1
0.2761940943043884,0.18019065260887146,0.11044041075782647,0.7370297866465774,0.22304465187987393,0
0.8527372270727285,0.8298218250274658,0.7976756782965867,0.5639373358897988,0.8412108470437887,0
0.9149249493992483,0.9161266684532166,0.9348749971183097,0.9333268557650094,0.9045304321523705,1
0.7288253968253968,0.5519074201583862,0.5700287896059416,0.8559633808019854,0.7121341493882071,1
0.5178472806842485,0.5698188543319702,0.6173069208856925,0.2727548602818491,0.534930766644942,0
0.0031110913769601847,0.010249811224639416,0.014919653780308524,0.15241655350960262,0.07186549855500407,0
0.5440467315484657,0.6324504017829895,0.763034216563054,0.8384473290458703,0.6678357793500161,1
0.7914931216931219,0.9784873127937317,0.970584822673604,0.6646183965771103,0.871330539188412,0
0.9083588232380868,0.8868467211723328,0.870360273124869,0.6276019927309879,0.8792792756058478,1
0.3405969303498381,0.42105385661125183,0.3516251117102415,0.5512276038979698,0.34800081777267794,0
0.3306940459110473,0.2668292820453644,0.6732740607594193,0.8558554104791217,0.3958902854435601,0
0.5788095811793371,0.6873525381088257,0.761203724065715,0.3544041168833991,0.6517585933373735,1
0.030054020134448446,0.03719356283545494,0.0243530261893636,0.277292156792288,0.0844904415969269,0
0.7815432959661308,0.7647154927253723,0.6471955930677553,0.4929692538902482,0.7726815122004927,1
0.8381477641235707,0.9568544626235962,0.9661088366253212,0.8094761709100314,0.8880975491240721,1
0.29553040533378083,0.16639310121536255,0.30258753562160445,0.3012256172399732,0.2221016879931935,0
0.027720518116812077,0.05760970339179039,0.03926056368660838,0.21635289728594262,0.08490498650897653,0
0.36334979579205834,0.2654494345188141,0.30004037946194817,0.23598477680306462,0.2734381493180553,1
0.42057013324284087,0.3401617705821991,0.5850505916614782,0.3952727509997286,0.40310892884864524,0
0.13603177691396948,0.02011832781136036,0.010237081396163906,0.41401878781229584,0.11145167846466598,0
0.7681286860010083,0.9098777770996094,0.8646542150178507,0.7584681338880419,0.8467296851021594,0
0.7261168682928786,0.7075918912887573,0.7045691131433129,0.8714706596898033,0.7751098266750286,1
0.10221776309982934,0.08595136553049088,0.15231628824421237,0.25248566464738853,0.11656936654638238,0
0.6686934486140482,0.82237708568573,0.7757076340147648,0.6726614377325052,0.7703219795801838,1
0.855255777619479,0.9230467081069946,0.9697271770880054,0.6794673379870989,0.8819335653889128,1
0.31426655657166375,0.1073341965675354,0.11851350402106145,0.5619980862607139,0.21011245975726767,0
0.24378199794045888,0.19905602931976318,0.16990012736994675,0.6880276755809638,0.21804451980602205,0
0.7910217029133105,0.8732803463935852,0.8194859943313962,0.6718284110197517,0.8370994219414063,0
0.5870877961227227,0.8785132765769958,0.8709956016155409,0.3916743520825808,0.7355439534495758,0
0.4767532428320471,0.42600592970848083,0.34792948420116543,0.3437689836197266,0.4085464671038901,1
0.6998004454546627,0.8310786485671997,0.8861315955872979,0.3469956802826858,0.7764460844569099,0
0.8857132867132868,0.9857842326164246,0.9790836661862502,0.35593369104971495,0.8835441337935298,1
0.9447149863598484,0.9579241871833801,0.9624432995313034,0.4385086928994084,0.8973157988028723,0
0.13936987479653268,0.02966180071234703,0.0634380101975073,0.17189980062836557,0.10682201571135702,0
0.25085542410879513,0.12926867604255676,0.1309339796559295,0.4863307802872031,0.1845966121713346,1
0.9204484253563199,0.9714266061782837,0.9232507015905755,0.8880108074672681,0.9092858179465878,1
0.5292848621758469,0.577272891998291,0.5206080568885845,0.27474699896201116,0.5233069637068393,1
0.9098083649340203,0.9382195472717285,0.9430193255167114,0.7952935473062718,0.9007412672148006,1
0.6515952998135144,0.8203425407409668,0.8500814782733483,0.3715965820734678,0.7472946597793912,1
0.738278887370212,0.7657901048660278,0.8066468313295959,0.8145644837662471,0.804109746426404,1
0.9223285031462812,0.9806622862815857,0.9809861766778468,0.7327813931875411,0.9088191684305481,0
0.812112367151878,0.6617757081985474,0.4314279694287841,0.6993665262801047,0.7445078766778285,1
0.7719708994708994,0.9018502831459045,0.8650678447702472,0.7748852660548889,0.8477064294761909,1
0.07628551422600854,0.044480107724666595,0.0538223378498091,0.13854932063147107,0.09170101720468354,0
0.2427630414800746,0.1185273602604866,0.08562496013108435,0.4231902570425907,0.1690129168810738,0
0.6831608261683584,0.9327417016029358,0.9308000870853361,0.19285507142343594,0.7865411055370465,1
0.8869022595674138,0.9694739580154419,0.9856367511860658,0.6780374935720023,0.8974821225642255,1
0.8479981739859017,0.8725401759147644,0.9422061590646588,0.8363081242610491,0.8781553068041533,1
0.7630302617141038,0.7258860468864441,0.7664398093722703,0.5205942247928009,0.7763027808204531,0
0.8457706552706553,0.9729793071746826,0.9470957207257595,0.8978799293259896,0.8946038254112925,1
0.8464257167308517,0.9425235986709595,0.9241261737624649,0.8185350974504414,0.8849504983843666,1
0.16735378261974185,0.10575202107429504,0.15543236631055574,0.13239058684582136,0.131907603472465,0
0.6739846517106396,0.8391133546829224,0.857605741679886,0.8536433425269263,0.8034831211930284,1
0.01237580704274798,0.008061579428613186,0.012790053669855181,0.14513828454626387,0.0729239823163196,0
0.7166613756613758,0.7462809085845947,0.945647172738533,0.7157394330448625,0.8033598427556968,0
0.4075622570801766,0.5907813906669617,0.6566024432661856,0.7315542192133702,0.5345412587180793,0
0.09906326012181221,0.09448284655809402,0.11653362212521667,0.2725310371274591,0.11458579709486305,0
0.18172766333853368,0.07872601598501205,0.11334817114541049,0.3105212540620147,0.13766139751850548,0
0.4039920134260389,0.377022922039032,0.21542667992384368,0.3402758782100024,0.32143806365668615,1
0.7422200635326596,0.5915114283561707,0.7926648430962612,0.8892511645511043,0.7705659732116525,0
0.7939963851285854,0.8930091261863708,0.8670689770532315,0.8255454627334494,0.8567574962705761,0
0.7793246214569742,0.8321638703346252,0.8215896433290878,0.6657032459933284,0.8249017234499577,1
0.5262801827801828,0.1372678577899933,0.05282282713243918,0.8486789767808312,0.3426149001184947,1
0.4379050384952678,0.7178948521614075,0.6877473074742553,0.46731529794825305,0.5716767334122267,0
0.48832974910394256,0.4924047291278839,0.5543484340545317,0.7435198325341147,0.5324377389593365,1
0.9745750360750361,0.9668309092521667,0.9549393204144153,0.8558221426850293,0.920778841912917,1
0.42749299745796443,0.20254874229431152,0.2715724086457022,0.62825712765646,0.3251218951387991,0
0.7304079454687039,0.9104755520820618,0.9198141659344072,0.1928051621022731,0.8001901988309521,1
0.9590605862482293,0.9585860967636108,0.9503634006339112,0.8833314018918516,0.9176331844759262,1
0.0670410166876735,0.010458381846547127,0.010563525453819486,0.11181790349319944,0.08203577336687641,0
0.8494006727986703,0.9264068007469177,0.9496983011144182,0.8399707441563772,0.8869300845556615,1
0.045578796705948034,0.06092590466141701,0.09088853711173393,0.3036780638270215,0.09643683581480017,0
0.26906116469231406,0.15866369009017944,0.22773618639352963,0.5654469935711267,0.21881406155535768,1
0.6045589825023473,0.7171345949172974,0.38165284672041616,0.8487628787159002,0.6525213485925415,1
0.672207164011512,0.853854238986969,0.7428412117893866,0.8588410705809633,0.7895320353779626,1
0.3832904667422856,0.14597930014133453,0.08654152380457229,0.8489666757574528,0.27246254728728203,0
0.28160626230464886,0.35670995712280273,0.27852898786445046,0.3142115659272313,0.25938237300371986,0
0.1889616381339669,0.26212525367736816,0.23204856149542025,0.22166870696375535,0.1816956617098703,0
0.6011630643560467,0.8932499885559082,0.9211877320506494,0.464245625377375,0.7613376422383688,1
0.36581323707591235,0.29891452193260193,0.5627255560037503,0.532285021624508,0.3671114186923189,0
0.8665392497652694,0.9302699565887451,0.9577012531003012,0.6566019577060589,0.8837113401859472,1
0.13702778702778703,0.02418813854455948,0.02225975922423544,0.11734551336955949,0.09968112475599367,0
0.32608369097492473,0.2685244679450989,0.41743458072233136,0.44473497502842085,0.29672086163274375,1
0.4174913180366431,0.5780201554298401,0.47138167872267644,0.33764460426390164,0.4473769122342875,1
0.9131223004091422,0.9434348940849304,0.9675970001284376,0.7674043092362299,0.9028998601827782,1
0.9135044748395813,0.9871379137039185,0.9641608061384439,0.8767064065424347,0.9120966816208969,1
0.22108673275666613,0.11402827501296997,0.12697463486738214,0.2556152412945856,0.1545968806819087,0
0.3843480379207597,0.21514861285686493,0.17550258032272306,0.2474417587047606,0.2502504181820967,0
0.45602301419864716,0.13580098748207092,0.23801529268650323,0.4353428255265651,0.2953468694724614,0
0.5926160788465663,0.563408374786377,0.5929834311730607,0.6080978428315883,0.6146140033384904,1
0.5683560684012742,0.33861735463142395,0.3087221659528156,0.4412968731634807,0.44104850062709516,1
0.8360450927300417,0.801730215549469,0.7321054567569794,0.5998588657358395,0.8240497134325835,1
0.36273233427380785,0.329829603433609,0.36322880802522545,0.2108116933040791,0.3000052960684907,0
0.7345503729538815,0.890893816947937,0.8130327492680847,0.28062731352066966,0.7888303433567604,1
0.25969617840962606,0.09873463213443756,0.027104117871142988,0.15824269620708548,0.14724100377336136,1
0.9712981161524289,0.9625913500785828,0.9757076593131417,0.5074393039592673,0.9079402196836238,1
0.10509802853388316,0.05266933515667915,0.05356046184125891,0.13366579563518244,0.09890129895516737,0
0.15986506064590209,0.07166953384876251,0.08628836488136092,0.31268011726607825,0.12732867645692938,0
0.6443842893217894,0.5519444942474365,0.5025933656437835,0.8119636067865698,0.6464137628960909,1
0.1430183160218776,0.2562222182750702,0.2842101340412492,0.34175504194427747,0.17839130382044316,0
0.34816269154799895,0.2514137029647827,0.1581331124837969,0.2498049337095244,0.23913820449514217,0
0.7692035698386962,0.7922722101211548,0.8931437364140786,0.4288515912786144,0.8053130910886547,1
0.9642117083148325,0.970335066318512,0.9640640026205615,0.5156481287218969,0.9067112266170968,1
0.551081129591905,0.5712445378303528,0.5608311119429437,0.8141520790682203,0.6081928621527725,0
0.6845303446128878,0.820574939250946,0.8156955820489035,0.5131030500491932,0.7699231795821543,1
0.5996032608695652,0.729750394821167,0.5595209388703875,0.5784604116251052,0.6601908098702739,0
0.41507603290147155,0.33252251148223877,0.38522237007518484,0.5127712888814773,0.36796041732092066,0
0.9014185519883156,0.8915844559669495,0.8827837975442302,0.6949786562572308,0.8826511117555133,1
0.43656705761938325,0.37530967593193054,0.44607272667764003,0.7324108248269613,0.4339094662818739,0
0.7042285565647636,0.5867867469787598,0.47559141672213984,0.7782747391407103,0.6825456595477313,1
0.8860976419730737,0.8878686428070068,0.7389481864514742,0.8362034521496895,0.8711459809594101,1
0.9501000737379857,0.9760726094245911,0.9479151978992416,0.8346802740614309,0.9156757507309881,1
0.042495545779355604,0.04272241145372391,0.048836195392708774,0.32341767679057964,0.09124995544127341,0
0.723450402170987,0.911209762096405,0.8677070142808798,0.7833577047424133,0.8333121730634842,1
0.9599197028750662,0.9711626768112183,0.9668784045128456,0.7593570344059276,0.9156497863718436,1
0.0563927666306299,0.03447446972131729,0.034406623357561845,0.3762601736286406,0.09442369404609818,0
0.7595925925925925,0.8596160411834717,0.8649380075214779,0.8249195764144963,0.839126644220947,0
0.8016200558700558,0.8601004481315613,0.9445461664425836,0.8339359876661033,0.8627558251522557,0
0.7099682539682539,0.8429128527641296,0.3793813102906479,0.8839122605081897,0.7482328544764698,1
0.626659176968133,0.6773688793182373,0.7829096393455429,0.526860786503246,0.6987393133069167,1
0.9519661835748792,0.9730778336524963,0.9597293371253212,0.8406506269029846,0.9167822380572148,1
0.13476330422734747,0.16130220890045166,0.17384782963612405,0.17882252241887672,0.13525324536493966,1
0.5409361833322384,0.6104937791824341,0.581992036061422,0.8081928065957938,0.6182981902559348,0
0.5950315354390251,0.6876444816589355,0.8153154557555353,0.5,0.6876070786300813,1
0.21694860614425826,0.1317022740840912,0.14576958581626437,0.21410953647332134,0.15589301119848395,0
0.6347020017020019,0.6635440587997437,0.7831937785929424,0.5424444746463465,0.7008776149562407,0
0.05306208974642195,0.04301445931196213,0.05685970117712802,0.27355697961587877,0.09217037583632451,1
0.6839729421812755,0.6615926027297974,0.7641986460527057,0.47157726729597754,0.7162265464152394,0
0.01641572560156817,0.020450832322239876,0.020006593415077087,0.046534093513214324,0.07198066314152368,0
0.10133406977541157,0.05338561534881592,0.06971093011489327,0.39262252583564505,0.11122567003769353,0
0.08404654469524772,0.03398376703262329,0.048684724544785965,0.2012433653025135,0.0943877550358799,0
0.3707955262239576,0.1513369232416153,0.16433568266259202,0.0925560310650113,0.21355837455599802,0
0.8691069094304389,0.9683002829551697,0.9559025961013241,0.8090565609449482,0.8964277017911342,1
0.12857291843580423,0.07881315797567368,0.0607269474784649,0.37971028148510727,0.12052961594692838,0
0.4524106500664445,0.680059015750885,0.8531658914606551,0.14251738123231386,0.5665785658885543,0
0.9600701064701066,0.9837243556976318,0.9765476440700563,0.8244620507353932,0.919991893001418,1
0.7010268620917516,0.5348466038703918,0.7829735604178656,0.5112156449181627,0.6976110467481338,1
0.4108916481765944,0.3310239613056183,0.18514440213763952,0.3753338821331772,0.3097094471734212,1
0.7854864524683489,0.7239551544189453,0.8000228825944181,0.4270931655641541,0.7833491665317655,1
0.9317597402597401,0.984870195388794,0.9869992305737183,0.7843736463592618,0.9137249734918845,1
0.8623601487532432,0.633543074131012,0.8135243884171083,0.7353034694434184,0.8213662001239589,1
0.9384638114395581,0.9661641120910645,0.9291298658201038,0.7067167208842378,0.9057090677387781,1
0.015360795335764935,0.040271274745464325,0.07512929939022336,0.21667838677336826,0.08313856608107044,1
0.23469490427839707,0.10525719076395035,0.11600171475120541,0.4801382140880144,0.17129677186747277,1
0.8548107561796668,0.9097031354904175,0.9083235807500463,0.724788260167783,0.8763342586681945,1
0.9773970441424873,0.991058886051178,0.9939947566051451,0.8789310565834909,0.9268620674479449,0
0.9332416225749559,0.9343767166137695,0.9450914363192149,0.818175473922913,0.9067330796252007,0
0.89957354159199,0.9462308287620544,0.9401997135706777,0.5424054014952411,0.8874061699803852,0
0.45548388052861527,0.2509770095348358,0.2882206412180857,0.5735105787054061,0.3535098865506831,1
0.49829188887749487,0.5991426110267639,0.5290419051652743,0.5542436302937784,0.5461020493303061,0
0.9294004455583403,0.9523325562477112,0.9489100386611501,0.8427249923398324,0.909197227525946,1
0.8482412339023816,0.8818351626396179,0.8239816388850122,0.586461438621624,0.8532385517692842,0
0.8936328023828025,0.9406212568283081,0.9647598200065417,0.7820123748602932,0.8984182897681567,1
0.9883063196801876,0.9880194067955017,0.9847821446797642,0.8546768687121431,0.9271512756881635,1
0.8146788389214509,0.8132380247116089,0.828865410129765,0.8907316731942605,0.8496987947034725,1
0.21588993167209145,0.1306513547897339,0.07446931793820481,0.5511196598660667,0.16874919443407682,0
0.7990484840821191,0.9268079400062561,0.9034811934108586,0.3919062676658294,0.8415926735294886,1
0.4146517695267694,0.3491479754447937,0.41478031041416924,0.20960186043329052,0.34528123182972614,1
0.8433475527854692,0.9359717965126038,0.9557736578423679,0.8537045889439526,0.8878528222051527,1
0.8865356355114419,0.9381063580513,0.9572706565391595,0.8565591379992598,0.8990960953407297,1
0.25144167053497446,0.23378492891788483,0.26274527329741587,0.2899994235541687,0.21094549279099065,0
0.8167952345212408,0.9283725023269653,0.966734892912957,0.30394789790283966,0.8498106450845926,1
0.9472792857852996,0.8934366703033447,0.8892850303680642,0.6452700838454177,0.8929904685378786,1
0.2985149136577707,0.2985519766807556,0.21129058267410217,0.36069183515739583,0.24570626274509275,0
0.26900148183808054,0.1548864245414734,0.19623976873317733,0.5216755003836827,0.20956894785190833,0
0.4343153631840071,0.5787155628204346,0.5163666770420832,0.538288970531482,0.49285742795933113,1
0.3483980800254221,0.30865976214408875,0.4735304287892595,0.37567452841293686,0.3244301666917172,0
0.2820599893305728,0.15542066097259521,0.1798073766911836,0.46688440433087114,0.208471491337753,0
0.04041383724295675,0.036957889795303345,0.03558348632537581,0.5916419753092784,0.10031776155987758,0
0.7809122147293139,0.7589858770370483,0.6923974051954288,0.8171509144082666,0.804096999777659,1
0.8811388888888888,0.929804801940918,0.9256550011122403,0.7790920724874636,0.8904992214458718,1
0.8862463135178901,0.9187111258506775,0.9382588841683495,0.6436217129349066,0.8849348767551406,1
0.7682617016168748,0.7592422366142273,0.7632470840908473,0.3965789631505426,0.7755296038583058,0
0.11403327541824311,0.04022979363799095,0.03493964188300797,0.34578212874117265,0.10745411026949678,0
0.18002881241263027,0.11972978711128235,0.0856628324442121,0.24244663887902146,0.1367988904679689,0
0.4792607910944284,0.6559961438179016,0.6587377816426057,0.8025453545493412,0.6105000463434426,1
0.7689285052699658,0.8716959953308105,0.9116865958183079,0.7217094948806141,0.8435167357329112,1
0.016782702695898405,0.014594143256545067,0.026214470857005383,0.11894780665182478,0.0742695944254762,0
0.8868808321308322,0.9725606441497803,0.9856290355864786,0.5502863040986311,0.8920406556374447,1
0.8824907449874492,0.8827388286590576,0.8974973762846153,0.8732497203722824,0.8865720063842895,1
0.21642169811995216,0.11927847564220428,0.10008034961304177,0.32741447063240714,0.15529786760743952,0
0.9363138275725401,0.9528020024299622,0.9600227955884746,0.7369313593581405,0.9073191402630858,1
0.8725396804067128,0.8762418031692505,0.8948817755093603,0.7318696682830458,0.8755171036080721,1
0.2704161753172866,0.09339245408773422,0.09679449130765967,0.507363293007362,0.1819091545572538,0
0.42444708994708996,0.23380309343338013,0.2946374353202169,0.16004730535080433,0.288602067915663,0
0.13622984209992978,0.13453297317028046,0.11653891201455133,0.16338262770912285,0.12490247335482914,0
0.4458162222372749,0.4965379238128662,0.7489462570057517,0.13884001120073064,0.4769494668601361,0
0.8426666130511032,0.8533821105957031,0.8774138853754879,0.8457070412484372,0.8677648595616956,1
0.8925142692576638,0.9440468549728394,0.9038879901260334,0.514521681939485,0.8804620930316954,1
0.1137931394957153,0.07567496597766876,0.08996248014675856,0.44106407160426025,0.12195805232065922,0
0.18044452077972278,0.16945362091064453,0.16479848428713603,0.7358826074038474,0.18792968225154263,0
0.48876412309288203,0.49226921796798706,0.42635683616953896,0.6219003083986617,0.4890474777459009,0
0.8545854257541369,0.9190729856491089,0.8443063540214193,0.5194098731910356,0.8596973055152701,1
0.5629159576958658,0.4536755681037903,0.6722037149076213,0.8045156776406914,0.6007235505860943,1
0.8306966073000955,0.8253502249717712,0.8422342174411063,0.4483409101263361,0.8303461386672409,1
0.936913772794426,0.9668475389480591,0.9649354968301992,0.697317504410973,0.9077986075320967,1
0.08988625385348813,0.03751565143465996,0.05082871128923589,0.18695735641981104,0.09567761643711949,0
0.05568015376329948,0.11055120825767517,0.11006353081763065,0.28932528683399555,0.10583997670235962,0
0.272106383299055,0.1855315864086151,0.16905433502592027,0.298556312057679,0.19609526145841868,0
0.9112238930571218,0.8714767098426819,0.8724994808105753,0.624472080687304,0.8779150950151646,1
0.21437688624319687,0.2279299944639206,0.5098321185289777,0.19108449947704625,0.2230176417690061,1
0.9147453172163318,0.9688282608985901,0.9682214518771225,0.7988843245207751,0.9075500936451208,1
0.022746842388912735,0.007923314347863197,0.00712097005318645,0.07352424876090385,0.07205237544944401,0
0.2809228390384375,0.2450243979692459,0.22671556333656742,0.8061380354482048,0.2670215619604854,0
0.8809741877636386,0.9517972469329834,0.9548149756075958,0.8933561755294072,0.900853524109571,1
0.9361396173606319,0.9594405293464661,0.9619854898588369,0.8569157787881545,0.9129113129180145,1
0.04753206022920654,0.044643912464380264,0.02985168199144229,0.14311332070390806,0.08414850846942101,0
0.9348811013834634,0.8766207098960876,0.9067470385385209,0.7081240658487,0.8921554104738874,1
0.4356631476414087,0.2643056809902191,0.21712541977575991,0.2279672814651332,0.2954394287550251,1
0.05307303759006918,0.0673602893948555,0.05084941614158452,0.3197594594037211,0.09641681380976834,0
0.8802042511581988,0.9206659197807312,0.9094709841022154,0.8204451018458476,0.8895851718966133,1
0.28127007137883475,0.15986113250255585,0.10914909999193682,0.8250571299403209,0.22782205888861837,0
0.36541647868773364,0.15678270161151886,0.20475582586417224,0.2747497690203354,0.2340683803799548,1
0.9025185185185186,0.9726735353469849,0.9661211852997081,0.8842911571748718,0.9086156517343861,1
0.6543679060361721,0.6959030628204346,0.7449932574878666,0.4315219858205207,0.702243903297555,0
0.710929656852361,0.8402835130691528,0.8226379949762561,0.7466006293605993,0.8057506991024611,1
0.865556390544969,0.8603510856628418,0.9036529991483203,0.4511358521676207,0.8560655999270211,1
0.9610518759433233,0.9918853044509888,0.9886267224841717,0.510993729442906,0.9100989781795658,1
0.5211082991082993,0.5208791494369507,0.2377420109281268,0.4359220046465232,0.45469898779152335,0
0.8331284829721362,0.9841673970222473,0.996514848182232,0.7622252972345444,0.8908767908422331,1
0.9612996031746032,0.9777874946594238,0.9698357274770077,0.9027593367367531,0.9219624762203353,1
0.9386071918057295,0.9456067681312561,0.9279788006734474,0.8289444751184084,0.9083139843361747,0
0.6854777602775749,0.8491777777671814,0.859126643883457,0.8316504576404831,0.8088322257749818,0
0.7289369651562577,0.643444836139679,0.6817143828189939,0.7344090891480811,0.7448565834372921,0
0.28750572931260215,0.31066882610321045,0.31112962390857657,0.4202226807900587,0.2660229063845504,1
0.9633670220476647,0.9391109943389893,0.9323309823993619,0.6806800118721842,0.9073042458878532,1
0.9779379477166117,0.9907248616218567,0.98763898669193,0.5064244895062003,0.9132681387943431,1
0.11100479325935683,0.04757573828101158,0.14771700184912312,0.28641458742505654,0.114886731616449,0
0.28548680867063225,0.13922302424907684,0.11893883760104362,0.5431347446723892,0.20340563009321483,0
0.9596970161092967,0.9858871102333069,0.9831336731193385,0.8233151111398704,0.9205304404056793,1
0.04352530361775993,0.07014401257038116,0.07100165509519721,0.2240785871591353,0.0922085421197013,0
0.9227064152678915,0.9862257242202759,0.9878904199743317,0.7623830980957944,0.9111985945271865,1
0.9408730158730156,0.9919818043708801,0.9914709279223064,0.8769035653881617,0.9199886648746977,1
0.9532947930226167,0.965353786945343,0.9588893631365721,0.8633135483739536,0.9170330072968665,1
0.044420965449218655,0.06663311272859573,0.08516294257844044,0.17707182572384428,0.09117994838015278,0
0.8113666484345624,0.5865718722343445,0.8153536470931642,0.6684603690209108,0.7856219403228245,1
0.7345167916448876,0.9012064337730408,0.9413078763399996,0.5759473384918345,0.830726316788682,1
0.21673719896745205,0.1904718279838562,0.21043796132082349,0.1845191491498159,0.17272664667512144,0
0.1403284447024026,0.11229385435581207,0.11759984087508776,0.4507116079828043,0.13872985936824692,0
0.9485009959846915,0.9640073776245117,0.9484746505146512,0.8415379145377867,0.9143871141618536,1
0.3955945082832608,0.3615156412124634,0.3434846140498431,0.5814161768458422,0.3641794066646176,0
0.35074031121857213,0.18521000444889069,0.22812111739513663,0.5320049295676533,0.26120047670074836,1
0.3289205340684579,0.1804342269897461,0.22518177880852544,0.2875661325565067,0.22720885124639995,1
0.18501355835351296,0.20052854716777802,0.1475335936532418,0.7181050918531702,0.19247225109623559,0
0.9230727488302061,0.9595269560813904,0.9712253079996885,0.8878069554607643,0.9120621788749304,1
0.6503537302069913,0.5570365786552429,0.5051675750982052,0.8682805010833483,0.6582130281413292,0
0.3974045803538282,0.18758346140384674,0.15624920691553731,0.39968370566195477,0.26038257669379555,0
0.7816900013365844,0.7475931644439697,0.7496666719487071,0.8437259340150927,0.812064464932504,0
0.33637301587301593,0.19807757437229156,0.22789355362657732,0.31547823772363326,0.23776128353741574,0
0.973919065003624,0.9923680424690247,0.9876193423159947,0.5759964849898366,0.9152604086100408,1
0.8522349045507142,0.9068470597267151,0.9236438875880675,0.7678518842893509,0.8789289840331529,1
0.683059810024909,0.8516561388969421,0.8590835813355464,0.34003310093005157,0.7687499666609549,1
0.6368223508968187,0.5559815168380737,0.7232347288200044,0.806947711569033,0.6870125262370049,1
0.12365530445982081,0.14625295996665955,0.10903116309591802,0.24916142561494217,0.12685474708499236,0
0.9119469321340518,0.9767757654190063,0.9490789314373049,0.7687247652283622,0.9051282191273728,1
0.8180025253457909,0.7854084968566895,0.8067537999062091,0.5730446176985111,0.8219417037819732,1
0.46925994665236165,0.3655942678451538,0.46705566488659483,0.5464369154067612,0.4341712043549137,1
0.9677454904753203,0.9712462425231934,0.9523611925145321,0.8630010356610196,0.91999313567853,1
0.9628411910669977,0.9786911010742188,0.9785906772270293,0.8786305462555684,0.9220679032203813,1
0.37782542355721477,0.6152488589286804,0.6214634214089337,0.24206676322478157,0.45632237772458256,1
0.9430030548180345,0.8350862264633179,0.9172123226419905,0.6024937268064781,0.8845804922404272,1
0.039214340685769254,0.017103970050811768,0.02668539185265889,0.16868506809002667,0.08043213876165321,0
0.15259272634845794,0.10602518916130066,0.1251566223994658,0.3107216497591754,0.13431708634566839,0
0.7338993301841006,0.8222329616546631,0.8531331007169415,0.6718664547181941,0.8099404728165804,1
0.4348580532000259,0.5810905694961548,0.45288931617011524,0.5291098158412466,0.47855549833936734,0
0.8688250962000962,0.9686083197593689,0.9509177566349418,0.7788578696047631,0.8946069936632869,1
0.7179152690959464,0.8288075923919678,0.8649352849509678,0.4603379379905963,0.7900107219974907,1
0.6031509324009324,0.5220503807067871,0.4211178174503137,0.7468932873513565,0.5867008773823554,1
0.2260194878616318,0.29130682349205017,0.2774785695691855,0.25377202920270236,0.21209267183256883,0
0.6602777809276892,0.746390700340271,0.8115798568579723,0.7124580407911663,0.7572533498235645,1
0.12915904538468825,0.11190401762723923,0.1076531917401779,0.4275631083979421,0.1328787371363673,0
0.09360825811790595,0.0768466591835022,0.06801906468111067,0.1708869147138639,0.10194361046252881,0
0.7703408942793828,0.8910282850265503,0.7924062911022451,0.7204946127342445,0.8328321420244765,1
0.6370157909675704,0.7261472344398499,0.5573922984723769,0.47095155567082836,0.6688185515818457,1
0.05862993364581524,0.13161560893058777,0.12742473944401803,0.15337555500820516,0.10451083624886794,0
0.3020645292749654,0.08841203898191452,0.13975798343298515,0.5367085331144462,0.20188438011987045,0
0.04365950984025227,0.036671705543994904,0.03944396964753967,0.15976213361085645,0.08383448773550704,0
0.5613014302006237,0.6557469964027405,0.8294429612035586,0.8534699173273897,0.6989078447970342,1
0.059747261207988164,0.08261799812316895,0.08491918631479736,0.387176278405754,0.10562071927326151,0
0.17580527672538734,0.13791833817958832,0.11546774775314951,0.1810286716123793,0.13806328293122191,0
0.31314037665861655,0.4369066655635834,0.8387234213032052,0.8130625905988637,0.4723715407284675,1
0.07808048516971712,0.04135776311159134,0.027430700793786456,0.4226746326724408,0.10167139637698874,0
0.761754098960621,0.8148655295372009,0.8258169269893575,0.7692143239176159,0.8227068794186092,1
0.31407793186022104,0.42347952723503113,0.39759763583555324,0.33982409378024936,0.3198298388073189,0
0.9100100237955553,0.9507128596305847,0.9412296811753366,0.8485592153909729,0.9043922002642617,1
0.7860056610056609,0.9454960227012634,0.9477666652041047,0.34901731484870013,0.8429763956182055,1
0.9092389581231456,0.9693878889083862,0.9725367857702143,0.7330988256962421,0.904002511945957,1
0.7262050264550264,0.7687178254127502,0.7315565246473288,0.7600635961525591,0.7841989535364062,0
0.02732436491923704,0.010764897800981998,0.008733339405657618,0.10115961634237895,0.07412572536376066,0
0.834645088744873,0.9562415480613708,0.9617794485260945,0.7695587628924858,0.884754070119523,1
0.8778237727820106,0.9427874684333801,0.938888546098386,0.8233403084909934,0.8945496988178298,0
0.1817989955762081,0.07066037505865097,0.060989361190055824,0.17828571685779768,0.12379830659835322,0
0.7896594543352369,0.9200659990310669,0.921542473993756,0.836423097805497,0.866256489502052,1
0.4039934430030859,0.2045566439628601,0.300970985398526,0.39602951768727646,0.2942529697403038,0
0.21590604425895502,0.18598607182502747,0.37388409981622245,0.7944672070570549,0.24392436402484358,1
0.745689283718231,0.8575522899627686,0.8537834214703232,0.8840126711172146,0.8363408100157463,1
0.6719997231696178,0.7018157839775085,0.6922971071427436,0.43661815578690893,0.7040664887481154,0
0.8904645175521949,0.7553790807723999,0.8682665870637619,0.7801277749663706,0.8622465626804513,1
0.28909936212907406,0.3030857443809509,0.2488291070273713,0.3189729031445313,0.24483523340710983,0
0.1675179883622965,0.06918556243181229,0.038212939146144695,0.30608222177623806,0.1240244880208849,0
0.830943992325842,0.8339670896530151,0.8483827979069571,0.865530832487665,0.8591188810133948,1
0.2266669908678847,0.08691897988319397,0.16033752040323485,0.14200148803401422,0.14858084457781187,0
0.8293051742703726,0.9089478850364685,0.9214088646416628,0.6651623469482701,0.8668732837710569,1
0.37827715309137255,0.3574759066104889,0.3364069383505852,0.264559229399831,0.31696250679736043,0
0.6116019119769119,0.817004919052124,0.7804057609039867,0.8185111734596724,0.7556424422262022,1
0.9852009421820742,0.9675142765045166,0.9575144457668291,0.8938126538877613,0.9243055806148504,1
0.8460396825396826,0.9651039242744446,0.967177888980825,0.34037884261274126,0.8672483284050526,1
0.894857252687792,0.687895655632019,0.8923709906016958,0.7125285573716665,0.8511680587589474,1
0.06667282261760216,0.011579098179936409,0.010141969761554934,0.3341564651843729,0.09053462216209004,0
0.24875976527909452,0.29968592524528503,0.1971101541594989,0.16341971063319374,0.20452347600752027,1
0.5782324110930922,0.6137406229972839,0.5651055820432952,0.8447175749269813,0.642532519640598,0
0.019801923923721574,0.02999098412692547,0.021075483047733004,0.1399381857596855,0.07664900693517981,0
0.7711943367598203,0.6619991064071655,0.7309221179570137,0.8380218668455449,0.7860419270736821,1
0.3042292053844471,0.16767264902591705,0.25987508273136484,0.6008201570327041,0.24553765816432568,0
0.2947437396599802,0.18073061108589172,0.30344695615092915,0.4169938033011157,0.23516727227247533,0
0.34542625173564323,0.14909888803958893,0.06428942292298687,0.15016632730843013,0.19226391620987057,0
0.9442738801505641,0.9828035831451416,0.9899669791313629,0.85397916862239,0.9188069371754034,1
0.27860036309188774,0.17323879897594452,0.1148921008690851,0.17567139103591128,0.17960692537340933,0
0.024736657022154926,0.03325419872999191,0.04669628695620465,0.2886018073654874,0.08499653046421363,0
0.17621014088547282,0.07080534845590591,0.07855791636339705,0.30985748327647666,0.13105206145547627,1
0.8216865079365082,0.9646947979927063,0.9745164768815056,0.739187653307711,0.8821170239021248,0
0.6334318274318274,0.4689812660217285,0.5869054858953866,0.7897909561986055,0.6291700411377108,0
0.8235362245503385,0.8601460456848145,0.8201012983966752,0.8410185532510145,0.8564899947081346,1
0.7361682223843208,0.9430297613143921,0.9614914610329675,0.3890403866946292,0.829073041955768,1
0.9853174603174603,0.9801787734031677,0.9664624799532253,0.8338685320131991,0.9240531628459948,1
0.7865448717948718,0.7796717882156372,0.8076202496957267,0.7352510468505329,0.8204169648400498,1
0.5549305555555555,0.42383119463920593,0.5696981514296549,0.8110203412081902,0.5641268076615177,1
0.7954170581621168,0.8400319814682007,0.8850117475139533,0.5,0.8291426460245463,1
0.9041547950841429,0.9723305702209473,0.9660547335722964,0.809103199255535,0.9058656820814409,1
0.7044185352100072,0.7047459483146667,0.7154078783619929,0.47810742263734296,0.730315171252336,1
0.06882611857110431,0.042168840765953064,0.041235679549779386,0.336622555588731,0.09699834602251214,1
0.8743292504272064,0.9469411373138428,0.9008665185922884,0.7104279465806027,0.885488207582628,1
0.769279276706166,0.8333250284194946,0.8355600841076447,0.7393473670025845,0.8282961164740209,0
0.9563969918969917,0.9787260293960571,0.9858216221134825,0.6926950216091693,0.91454904662703,1
0.7821540078409782,0.8406363129615784,0.8435770121203032,0.23233270177205445,0.7987720799250034,1
0.452209112690245,0.3719201683998108,0.3949777161445108,0.521165436833278,0.4065493421541258,0
0.805260107051871,0.7799510359764099,0.8481293037270511,0.6898601080990178,0.829630135857048,1
0.1459802489630554,0.09624612331390381,0.08213906360283652,0.28286527676250206,0.1249765559835407,0
0.9839040404040404,0.9723417162895203,0.9751726013813643,0.8591061520309906,0.9244644819857517,1
0.19137292609351433,0.1836332529783249,0.1790861671517533,0.4076375680818773,0.17335445047483697,0
0.09322123992445096,0.05548267066478729,0.03561650303368351,0.19926671066667118,0.09786904977121341,0
